transmission_power_W,num_users,djscc_accuracy,ldpc_accuracy,adaptive_accuracy
1,5,0.3999999940395355,0.0,0.3999999940395355
10,5,0.4180000007152557,0.0,0.2459999978542328
20,5,0.42800000309944153,0.0,0.16600000262260436
50,5,0.43199999928474425,0.0,0.08399999737739564
60,5,0.4340000033378601,0.0,0.08600000143051148
100,5,0.4360000014305115,0.0,0.08600000143051148
