transmission_power_W,num_users,djscc_accuracy,ldpc_accuracy,adaptive_accuracy
1,5,0.5025599956512451,0.1,0.5025599956512451
10,5,0.5107399940490722,0.3,0.504199993610382
20,5,0.5133999943733215,0.4,0.5034799933433532
50,5,0.5153600096702575,0.4,0.5021000027656555
60,5,0.5155600190162659,0.4,0.5023200035095214
100,5,0.5163600087165833,0.5,0.5029000043869019
