transmission_power_W,num_users,djscc_accuracy,ldpc_accuracy,adaptive_accuracy
1,5,0.6563199996948242,0.27999999999999997,0.6563199996948242
10,5,0.6777600049972534,0.5599999999999999,0.6859399962425232
20,5,0.6786800026893616,0.7,0.6955800032615661
50,5,0.6792400002479553,0.7,0.7
60,5,0.6791799902915955,0.7,0.7
100,5,0.6796000003814697,0.7,0.7
