transmission_power_W,num_users,djscc_accuracy,ldpc_accuracy,adaptive_accuracy
10.0,5,0.6519999861717224,0.4,0.4
50.0,5,0.6499999761581421,0.4,0.4
100.0,5,0.6499999761581421,0.4,0.4
200.0,5,0.6499999761581421,0.4,0.4
