transmission_power_W,num_users,djscc_aomi,ldpc_aomi,adaptive_aomi
10.0,5,1.5872202032143696,2.612102335662621,2.612102335662621
50.0,5,1.592041187710131,2.612102335662621,2.612102335662621
100.0,5,1.592041187710131,2.612102335662621,2.612102335662621
200.0,5,1.592041187710131,2.612102335662621,2.612102335662621
