transmission_power_W,num_users,djscc_aomi,ldpc_aomi,adaptive_aomi
1,5,2.0594271004829467,83.94718073566261,2.0594271004829467
10,5,2.0264925222339185,43.018617535662614,2.0609830710798582
20,5,2.0155730324203285,22.554335935662618,2.067735410608345
50,5,2.0077208909955035,22.554335935662618,2.077398955031171
60,5,2.006928219657315,22.554335935662618,2.0765278737151056
100,5,2.003795864874457,2.0900543356626207,2.0742492450292724
