transmission_power_W,num_users,djscc_aomi,ldpc_aomi,adaptive_aomi
1,5,2.593353543439589,104.41146233566262,2.593353543439589
10,5,2.480736574942225,104.41146233566262,43.28292207525486
20,5,2.420209227836267,104.41146233566262,63.64534995192491
50,5,2.3955879175818393,104.41146233566262,84.0218213918268
60,5,2.3841361112613466,104.41146233566262,84.01036958550631
100,5,2.373204874451499,104.41146233566262,84.01036958550631
