transmission_power_W,num_users,djscc_aomi,ldpc_aomi,adaptive_aomi
1,5,1.5779202201793567,63.24424862137691,1.5779202201793567
10,5,1.5268895292031133,22.077034907091193,1.515116479326019
20,5,1.5248132940844328,1.4934280499483354,1.5000553399615366
50,5,1.5235562627550374,1.4934280499483354,1.4934280499483354
60,5,1.5236907635631651,1.4934280499483354,1.4934280499483354
100,5,1.5227487958207857,1.4934280499483354,1.4934280499483354
