transmission_power,num_users,avg_djscc_accuracy,avg_ldpc_accuracy,avg_adaptive_accuracy,network_aomi_djscc,network_aomi_ldpc,network_aomi_adaptive
1,5,0.5025599956512451,0.1,0.5025599956512451,2.0594271004829467,83.94718073566261,2.0594271004829467
10,5,0.5107399940490722,0.3,0.504199993610382,2.0264925222339185,43.018617535662614,2.0609830710798582
20,5,0.5133999943733215,0.4,0.5034799933433532,2.0155730324203285,22.554335935662618,2.067735410608345
50,5,0.5153600096702575,0.4,0.5021000027656555,2.0077208909955035,22.554335935662618,2.077398955031171
60,5,0.5155600190162659,0.4,0.5023200035095214,2.006928219657315,22.554335935662618,2.0765278737151056
100,5,0.5163600087165833,0.5,0.5029000043869019,2.003795864874457,2.0900543356626207,2.0742492450292724
