transmission_power,num_users,avg_djscc_accuracy,avg_ldpc_accuracy,avg_adaptive_accuracy,network_aomi_djscc,network_aomi_ldpc,network_aomi_adaptive
1,5,0.6563199996948242,0.27999999999999997,0.6563199996948242,1.5779202201793567,63.24424862137691,1.5779202201793567
10,5,0.6777600049972534,0.5599999999999999,0.6859399962425232,1.5268895292031133,22.077034907091193,1.515116479326019
20,5,0.6786800026893616,0.7,0.6955800032615661,1.5248132940844328,1.4934280499483354,1.5000553399615366
50,5,0.6792400002479553,0.7,0.7,1.5235562627550374,1.4934280499483354,1.4934280499483354
60,5,0.6791799902915955,0.7,0.7,1.5236907635631651,1.4934280499483354,1.4934280499483354
100,5,0.6796000003814697,0.7,0.7,1.5227487958207857,1.4934280499483354,1.4934280499483354
