transmission_power,num_users,avg_djscc_accuracy,avg_ldpc_accuracy,avg_adaptive_accuracy,network_aomi_djscc,network_aomi_ldpc,network_aomi_adaptive
10.0,5,0.6519999861717224,0.4,0.4,1.5872202032143696,2.612102335662621,2.612102335662621
50.0,5,0.6499999761581421,0.4,0.4,1.592041187710131,2.612102335662621,2.612102335662621
100.0,5,0.6499999761581421,0.4,0.4,1.592041187710131,2.612102335662621,2.612102335662621
200.0,5,0.6499999761581421,0.4,0.4,1.592041187710131,2.612102335662621,2.612102335662621
