transmission_power,num_users,avg_djscc_accuracy,avg_ldpc_accuracy,avg_adaptive_accuracy,network_aomi_djscc,network_aomi_ldpc,network_aomi_adaptive
1,5,0.3999999940395355,0.0,0.3999999940395355,2.593353543439589,104.41146233566262,2.593353543439589
10,5,0.4180000007152557,0.0,0.2459999978542328,2.480736574942225,104.41146233566262,43.28292207525486
20,5,0.42800000309944153,0.0,0.16600000262260436,2.420209227836267,104.41146233566262,63.64534995192491
50,5,0.43199999928474425,0.0,0.08399999737739564,2.3955879175818393,104.41146233566262,84.0218213918268
60,5,0.4340000033378601,0.0,0.08600000143051148,2.3841361112613466,104.41146233566262,84.01036958550631
100,5,0.4360000014305115,0.0,0.08600000143051148,2.373204874451499,104.41146233566262,84.01036958550631
